timestamp,cpu_percent,memory_percent,network_percent,request_rate,active_instances
2026-10-04 00:00,42.4,54.1,31.2,810,2
2026-10-04 01:00,43.1,54.5,30.8,825,2
2026-10-04 02:00,41.8,55.0,29.5,800,2
2026-10-04 03:00,42.5,54.8,31.0,815,2
2026-10-04 04:00,44.2,55.3,32.4,840,2
2026-10-04 05:00,45.0,55.9,33.1,860,2
2026-10-04 06:00,46.8,56.4,35.0,910,2
2026-10-04 07:00,48.5,57.1,37.2,980,2
2026-10-04 08:00,51.2,58.0,40.1,1050,2
2026-10-04 09:00,53.4,59.2,42.8,1120,2
2026-10-04 10:00,55.1,60.1,44.5,1180,2
2026-10-04 11:00,56.8,61.0,46.0,1230,2
2026-10-04 12:00,58.2,61.8,47.3,1280,2
2026-10-04 13:00,57.5,62.4,46.8,1260,2
2026-10-04 14:00,59.3,63.1,48.5,1310,2
2026-10-04 15:00,61.0,64.0,50.2,1370,2
2026-10-04 16:00,62.8,64.8,51.9,1420,2
2026-10-04 17:00,64.5,65.7,53.4,1490,2
2026-10-04 18:00,66.1,66.5,55.0,1540,2
2026-10-04 19:00,67.8,67.2,56.8,1600,2
2026-10-04 20:00,69.4,68.1,58.2,1650,2
2026-10-04 21:00,68.9,68.8,57.9,1630,2
2026-10-04 22:00,70.5,69.5,59.5,1690,2
2026-10-04 23:00,71.8,70.3,61.0,1740,2
2026-10-05 00:00,72.4,71.0,62.1,1760,2
2026-10-05 01:00,73.1,71.8,63.0,1790,2
2026-10-05 02:00,74.0,72.5,64.2,1820,2
2026-10-05 03:00,73.5,73.1,63.8,1810,2
2026-10-05 04:00,75.2,73.9,65.4,1870,2
2026-10-05 05:00,76.5,74.6,66.8,1920,2
2026-10-05 06:00,75.8,75.3,66.1,1900,3
2026-10-05 07:00,77.4,76.1,67.9,1960,3
2026-10-05 08:00,79.1,77.0,69.5,2030,3
2026-10-05 09:00,80.6,77.8,71.0,2090,3
2026-10-05 10:00,81.9,78.6,72.4,2140,3
2026-10-05 11:00,83.2,79.4,73.8,2190,3
2026-10-05 12:00,82.8,80.1,73.2,2170,3
2026-10-05 13:00,84.3,80.9,74.9,2230,3
2026-10-05 14:00,85.6,81.7,76.1,2280,3
2026-10-05 15:00,86.4,82.4,77.3,2320,3
2026-10-05 16:00,87.2,83.1,78.2,2350,3
2026-10-05 17:00,86.9,83.7,77.9,2340,3
2026-10-05 18:00,88.1,84.4,79.1,2390,3
2026-10-05 19:00,89.0,85.0,80.0,2420,3
2026-10-05 20:00,89.8,85.6,80.8,2450,3
2026-10-05 21:00,90.5,86.2,81.5,2480,3
2026-10-05 22:00,91.2,86.8,82.3,2510,3
2026-10-05 23:00,92.1,87.4,83.0,2540,3
